[{"id":1,"item_name":"Cheese Cloth No 60","price":75.25,"amount":99},
{"id":2,"item_name":"Juice - Orange, 341 Ml","price":42.21,"amount":1},
{"id":3,"item_name":"Beans - Fava Fresh","price":115.5,"amount":66},
{"id":4,"item_name":"Cookie Dough - Double","price":136.64,"amount":97},
{"id":5,"item_name":"Milk Powder","price":164.64,"amount":44},
{"id":6,"item_name":"Tea - Vanilla Chai","price":40.59,"amount":69},
{"id":7,"item_name":"Beef - Ox Tongue","price":4.84,"amount":50},
{"id":8,"item_name":"Orange - Blood","price":2.91,"amount":96},
{"id":9,"item_name":"Dooleys Toffee","price":89.41,"amount":69},
{"id":10,"item_name":"Apple - Delicious, Red","price":104.25,"amount":13},
{"id":11,"item_name":"Placemat - Scallop, White","price":45.16,"amount":60},
{"id":12,"item_name":"Cheese - Mozzarella","price":118.29,"amount":79},
{"id":13,"item_name":"Quail - Jumbo","price":107.71,"amount":95},
{"id":14,"item_name":"Oil - Shortening,liqud, Fry","price":110.72,"amount":73},
{"id":15,"item_name":"Sugar - Cubes","price":44.18,"amount":28},
{"id":16,"item_name":"Beef - Top Butt","price":42.08,"amount":86},
{"id":17,"item_name":"Wine - Ruffino Chianti","price":154.98,"amount":18},
{"id":18,"item_name":"Extract - Almond","price":164.5,"amount":1},
{"id":19,"item_name":"Lobster - Tail 6 Oz","price":23.8,"amount":15},
{"id":20,"item_name":"Tea - Orange Pekoe","price":172.58,"amount":99},
{"id":21,"item_name":"Chicken - Whole","price":118.47,"amount":16},
{"id":22,"item_name":"Nectarines","price":70.59,"amount":27},
{"id":23,"item_name":"Spinach - Packaged","price":41.14,"amount":78},
{"id":24,"item_name":"Plaintain","price":155.97,"amount":78},
{"id":25,"item_name":"Onions - White","price":96.04,"amount":62},
{"id":26,"item_name":"Yams","price":34.54,"amount":28},
{"id":27,"item_name":"Cookies Oatmeal Raisin","price":155.91,"amount":80},
{"id":28,"item_name":"Ecolab - Medallion","price":166.65,"amount":50},
{"id":29,"item_name":"Wine - Pinot Noir Stoneleigh","price":16.98,"amount":91},
{"id":30,"item_name":"Orange - Blood","price":13.09,"amount":11},
{"id":31,"item_name":"V8 - Berry Blend","price":37.19,"amount":22},
{"id":32,"item_name":"Flour - So Mix Cake White","price":50.71,"amount":67},
{"id":33,"item_name":"Chef Hat 20cm","price":70.3,"amount":79},
{"id":34,"item_name":"Beef - Diced","price":44.53,"amount":12},
{"id":35,"item_name":"Sugar - White Packet","price":37.65,"amount":85},
{"id":36,"item_name":"Lobak","price":94.7,"amount":16},
{"id":37,"item_name":"Spinach - Packaged","price":104.5,"amount":74},
{"id":38,"item_name":"Wine - Magnotta - Red, Baco","price":68.39,"amount":30},
{"id":39,"item_name":"Aspic - Light","price":81.69,"amount":72},
{"id":40,"item_name":"Ham - Black Forest","price":87.03,"amount":100},
{"id":41,"item_name":"Venison - Ground","price":24.94,"amount":21},
{"id":42,"item_name":"Chocolate - Semi Sweet","price":94.27,"amount":28},
{"id":43,"item_name":"Water - Perrier","price":161.13,"amount":76},
{"id":44,"item_name":"Juice - Orange","price":113.86,"amount":86},
{"id":45,"item_name":"Liqueur - Melon","price":58.41,"amount":61},
{"id":46,"item_name":"Onions Granulated","price":2.6,"amount":45},
{"id":47,"item_name":"Paste - Black Olive","price":58.8,"amount":61},
{"id":48,"item_name":"Dates","price":61.11,"amount":46},
{"id":49,"item_name":"Puree - Mango","price":39.96,"amount":72},
{"id":50,"item_name":"Cup - 6oz, Foam","price":11.23,"amount":52},
{"id":51,"item_name":"Appetizer - Lobster Phyllo Roll","price":103.93,"amount":3},
{"id":52,"item_name":"Green Tea Refresher","price":161.03,"amount":59},
{"id":53,"item_name":"Lamb Rack - Ontario","price":125.45,"amount":84},
{"id":54,"item_name":"Garbag Bags - Black","price":47.97,"amount":49},
{"id":55,"item_name":"Banana","price":10.0,"amount":85},
{"id":56,"item_name":"Wine - Prosecco Valdobiaddene","price":19.77,"amount":86},
{"id":57,"item_name":"Stock - Veal, Brown","price":189.58,"amount":58},
{"id":58,"item_name":"Mix Pina Colada","price":30.43,"amount":57},
{"id":59,"item_name":"Ecolab - Balanced Fusion","price":133.9,"amount":72},
{"id":60,"item_name":"Oil - Grapeseed Oil","price":187.39,"amount":68},
{"id":61,"item_name":"Cheese - Gouda Smoked","price":35.12,"amount":49},
{"id":62,"item_name":"Coriander - Ground","price":121.47,"amount":46},
{"id":63,"item_name":"Orange - Blood","price":114.88,"amount":8},
{"id":64,"item_name":"Bread Cranberry Foccacia","price":30.71,"amount":67},
{"id":65,"item_name":"Bacardi Mojito","price":76.34,"amount":2},
{"id":66,"item_name":"Doilies - 8, Paper","price":198.37,"amount":77},
{"id":67,"item_name":"Water - Evian 355 Ml","price":8.61,"amount":61},
{"id":68,"item_name":"Muffin - Banana Nut Individual","price":141.64,"amount":85},
{"id":69,"item_name":"Hickory Smoke, Liquid","price":26.17,"amount":48},
{"id":70,"item_name":"Puree - Raspberry","price":92.67,"amount":53},
{"id":71,"item_name":"Soup - Campbells, Butternut","price":106.81,"amount":36},
{"id":72,"item_name":"Mint - Fresh","price":46.37,"amount":44},
{"id":73,"item_name":"Chocolate Liqueur - Godet White","price":149.02,"amount":4},
{"id":74,"item_name":"Chicken - Wieners","price":13.64,"amount":73},
{"id":75,"item_name":"Pants Custom Dry Clean","price":97.15,"amount":52},
{"id":76,"item_name":"Juice - Pineapple, 48 Oz","price":117.83,"amount":36},
{"id":77,"item_name":"Corn Shoots","price":48.37,"amount":32},
{"id":78,"item_name":"Ham Black Forest","price":186.21,"amount":12},
{"id":79,"item_name":"Bread - Bistro Sour","price":113.44,"amount":3},
{"id":80,"item_name":"Butcher Twine 4r","price":16.16,"amount":100},
{"id":81,"item_name":"Beer - Rickards Red","price":197.98,"amount":41},
{"id":82,"item_name":"Beef - Baby, Liver","price":37.72,"amount":55},
{"id":83,"item_name":"Hummus - Spread","price":140.1,"amount":9},
{"id":84,"item_name":"Beer - Muskoka Cream Ale","price":147.62,"amount":47},
{"id":85,"item_name":"Flavouring Vanilla Artificial","price":38.24,"amount":25},
{"id":86,"item_name":"Sword Pick Asst","price":102.05,"amount":22},
{"id":87,"item_name":"Tofu - Firm","price":48.54,"amount":18},
{"id":88,"item_name":"Lobster - Baby, Boiled","price":137.22,"amount":29},
{"id":89,"item_name":"Butter - Pod","price":167.51,"amount":76},
{"id":90,"item_name":"Parasol Pick Stir Stick","price":12.59,"amount":29},
{"id":91,"item_name":"Arctic Char - Fresh, Whole","price":196.3,"amount":70},
{"id":92,"item_name":"Zucchini - Mini, Green","price":105.7,"amount":77},
{"id":93,"item_name":"Pasta - Angel Hair","price":76.5,"amount":59},
{"id":94,"item_name":"Bread - Pain Au Liat X12","price":134.91,"amount":84},
{"id":95,"item_name":"Cookie Dough - Peanut Butter","price":52.48,"amount":51},
{"id":96,"item_name":"Trout - Smoked","price":162.57,"amount":63},
{"id":97,"item_name":"Bread - Roll, Soft White Round","price":124.66,"amount":28},
{"id":98,"item_name":"Steam Pan Full Lid","price":106.79,"amount":83},
{"id":99,"item_name":"Nescafe - Frothy French Vanilla","price":20.79,"amount":91},
{"id":100,"item_name":"Cheese Cheddar Processed","price":100.91,"amount":11},
{"id":101,"item_name":"Baking Powder","price":187.87,"amount":65},
{"id":102,"item_name":"Ginger - Pickled","price":171.98,"amount":52},
{"id":103,"item_name":"Skewers - Bamboo","price":135.62,"amount":22},
{"id":104,"item_name":"Liners - Baking Cups","price":76.49,"amount":19},
{"id":105,"item_name":"Quail Eggs - Canned","price":176.22,"amount":73},
{"id":106,"item_name":"Cake - Mini Cheesecake","price":17.35,"amount":50},
{"id":107,"item_name":"Vinegar - Tarragon","price":92.32,"amount":54},
{"id":108,"item_name":"Tomatoes - Vine Ripe, Yellow","price":109.51,"amount":74},
{"id":109,"item_name":"Calvados - Boulard","price":108.76,"amount":89},
{"id":110,"item_name":"Snails - Large Canned","price":64.14,"amount":55},
{"id":111,"item_name":"Syrup - Kahlua Chocolate","price":195.71,"amount":49},
{"id":112,"item_name":"Chicken Breast Wing On","price":198.59,"amount":86},
{"id":113,"item_name":"Frangelico","price":169.62,"amount":39},
{"id":114,"item_name":"Onions - Red","price":124.47,"amount":69},
{"id":115,"item_name":"Sultanas","price":28.03,"amount":6},
{"id":116,"item_name":"Sage - Fresh","price":25.71,"amount":51},
{"id":117,"item_name":"Aspic - Amber","price":36.61,"amount":46},
{"id":118,"item_name":"Lettuce - California Mix","price":177.17,"amount":81},
{"id":119,"item_name":"Milkettes - 2%","price":53.5,"amount":10},
{"id":120,"item_name":"Bar Special K","price":47.93,"amount":96},
{"id":121,"item_name":"Pear - Prickly","price":174.13,"amount":96},
{"id":122,"item_name":"Wine - Touraine Azay - Le - Rideau","price":104.88,"amount":65},
{"id":123,"item_name":"Chinese Foods - Cantonese","price":199.15,"amount":96},
{"id":124,"item_name":"Bread Crumbs - Japanese Style","price":108.67,"amount":89},
{"id":125,"item_name":"Sauce - Sesame Thai Dressing","price":135.7,"amount":92},
{"id":126,"item_name":"Sobe - Lizard Fuel","price":50.0,"amount":16},
{"id":127,"item_name":"Anchovy Fillets","price":173.64,"amount":8},
{"id":128,"item_name":"Juice - Apple, 500 Ml","price":146.53,"amount":93},
{"id":129,"item_name":"Oregano - Dry, Rubbed","price":87.91,"amount":36},
{"id":130,"item_name":"Watercress","price":105.09,"amount":37},
{"id":131,"item_name":"Muffin Batt - Ban Dream Zero","price":198.9,"amount":43},
{"id":132,"item_name":"Towels - Paper / Kraft","price":52.11,"amount":27},
{"id":133,"item_name":"Beer - Camerons Cream Ale","price":157.39,"amount":16},
{"id":134,"item_name":"Liners - Banana, Paper","price":59.37,"amount":12},
{"id":135,"item_name":"Cabbage - Savoy","price":123.53,"amount":43},
{"id":136,"item_name":"Pickles - Gherkins","price":17.06,"amount":88},
{"id":137,"item_name":"Pork - Ham, Virginia","price":6.27,"amount":64},
{"id":138,"item_name":"Beef - Salted","price":149.56,"amount":1},
{"id":139,"item_name":"Hipnotiq Liquor","price":83.8,"amount":81},
{"id":140,"item_name":"Sauce - Hoisin","price":93.93,"amount":45},
{"id":141,"item_name":"Wine - Montecillo Rioja Crianza","price":138.23,"amount":2},
{"id":142,"item_name":"Veal - Ground","price":194.87,"amount":56},
{"id":143,"item_name":"Beef - Striploin","price":24.3,"amount":75},
{"id":144,"item_name":"Wine - Kwv Chenin Blanc South","price":83.09,"amount":99},
{"id":145,"item_name":"Creme De Menth - White","price":169.81,"amount":1},
{"id":146,"item_name":"Cheese - Grana Padano","price":32.91,"amount":61},
{"id":147,"item_name":"Bread Roll Foccacia","price":121.4,"amount":63},
{"id":148,"item_name":"Ice Cream - Life Savers","price":114.17,"amount":57},
{"id":149,"item_name":"Mushroom - Morel Frozen","price":167.33,"amount":53},
{"id":150,"item_name":"Cranberries - Dry","price":154.89,"amount":67},
{"id":151,"item_name":"Wine - White, Cooking","price":103.82,"amount":100},
{"id":152,"item_name":"Cheese - Goat","price":161.25,"amount":79},
{"id":153,"item_name":"Beef - Shank","price":29.65,"amount":70},
{"id":154,"item_name":"Fond - Neutral","price":19.51,"amount":7},
{"id":155,"item_name":"Sprouts - Baby Pea Tendrils","price":70.09,"amount":39},
{"id":156,"item_name":"Garlic - Peeled","price":129.19,"amount":82},
{"id":157,"item_name":"Bandage - Flexible Neon","price":161.16,"amount":28},
{"id":158,"item_name":"Sugar - Brown, Individual","price":86.99,"amount":27},
{"id":159,"item_name":"Beef - Tender Tips","price":134.14,"amount":22},
{"id":160,"item_name":"Stock - Veal, Brown","price":147.18,"amount":66},
{"id":161,"item_name":"Container - Hngd Cll Blk 7x7x3","price":9.14,"amount":33},
{"id":162,"item_name":"7up Diet, 355 Ml","price":22.58,"amount":88},
{"id":163,"item_name":"Scotch - Queen Anne","price":19.27,"amount":30},
{"id":164,"item_name":"Puff Pastry - Sheets","price":191.22,"amount":96},
{"id":165,"item_name":"Lamb - Ground","price":18.04,"amount":1},
{"id":166,"item_name":"Hickory Smoke, Liquid","price":21.18,"amount":20},
{"id":167,"item_name":"Bouillion - Fish","price":55.42,"amount":59},
{"id":168,"item_name":"Ginsing - Fresh","price":47.78,"amount":11},
{"id":169,"item_name":"Cheese - Feta","price":75.36,"amount":68},
{"id":170,"item_name":"Mix - Cappucino Cocktail","price":13.48,"amount":73},
{"id":171,"item_name":"Ice Cream Bar - Oreo Sandwich","price":122.07,"amount":41},
{"id":172,"item_name":"Dill Weed - Fresh","price":192.19,"amount":40},
{"id":173,"item_name":"Jagermeister","price":156.92,"amount":55},
{"id":174,"item_name":"Coffee - Almond Amaretto","price":148.56,"amount":19},
{"id":175,"item_name":"Syrup - Monin - Passion Fruit","price":76.94,"amount":46},
{"id":176,"item_name":"Lentils - Red, Dry","price":7.16,"amount":1},
{"id":177,"item_name":"Soup Campbells","price":78.68,"amount":41},
{"id":178,"item_name":"Seedlings - Buckwheat, Organic","price":188.68,"amount":3},
{"id":179,"item_name":"Bread - Kimel Stick Poly","price":28.7,"amount":6},
{"id":180,"item_name":"Rice - Brown","price":108.01,"amount":94},
{"id":181,"item_name":"Lettuce - Green Leaf","price":184.42,"amount":63},
{"id":182,"item_name":"Bacardi Breezer - Strawberry","price":71.92,"amount":72},
{"id":183,"item_name":"Cocoa Powder - Natural","price":49.07,"amount":1},
{"id":184,"item_name":"Sauce - Sesame Thai Dressing","price":72.22,"amount":53},
{"id":185,"item_name":"Icecream Cone - Areo Chocolate","price":49.44,"amount":12},
{"id":186,"item_name":"Sausage - Blood Pudding","price":159.14,"amount":36},
{"id":187,"item_name":"Flour - Cake","price":9.78,"amount":73},
{"id":188,"item_name":"Lemonade - Pineapple Passion","price":126.67,"amount":23},
{"id":189,"item_name":"Ham - Cooked Italian","price":71.32,"amount":48},
{"id":190,"item_name":"Couscous","price":49.34,"amount":97},
{"id":191,"item_name":"Bread - Wheat Baguette","price":199.56,"amount":43},
{"id":192,"item_name":"Beef - Tenderlion, Center Cut","price":130.83,"amount":100},
{"id":193,"item_name":"Ginger - Fresh","price":126.8,"amount":63},
{"id":194,"item_name":"Wine - Sogrape Mateus Rose","price":141.92,"amount":35},
{"id":195,"item_name":"Figs","price":36.96,"amount":31},
{"id":196,"item_name":"Lettuce - Spring Mix","price":156.02,"amount":14},
{"id":197,"item_name":"Myers Planters Punch","price":66.49,"amount":81},
{"id":198,"item_name":"Lotus Leaves","price":78.53,"amount":97},
{"id":199,"item_name":"Wine - Rhine Riesling Wolf Blass","price":132.93,"amount":59},
{"id":200,"item_name":"Sage - Rubbed","price":59.41,"amount":91},
{"id":201,"item_name":"Sugar - Cubes","price":117.99,"amount":16},
{"id":202,"item_name":"Cake - Box Window 10x10x2.5","price":12.76,"amount":23},
{"id":203,"item_name":"Mustard - Pommery","price":130.08,"amount":48},
{"id":204,"item_name":"Rum - Dark, Bacardi, Black","price":110.66,"amount":13},
{"id":205,"item_name":"Coffee Cup 8oz 5338cd","price":114.39,"amount":82},
{"id":206,"item_name":"Beans - Black Bean, Canned","price":108.89,"amount":47},
{"id":207,"item_name":"Beer - Upper Canada Lager","price":139.57,"amount":87},
{"id":208,"item_name":"Straw - Regular","price":106.49,"amount":4},
{"id":209,"item_name":"Wine - Alsace Riesling Reserve","price":184.64,"amount":61},
{"id":210,"item_name":"Toothpick Frilled","price":163.91,"amount":62},
{"id":211,"item_name":"Tarts Assorted","price":125.93,"amount":74},
{"id":212,"item_name":"Arctic Char - Fresh, Whole","price":146.88,"amount":17},
{"id":213,"item_name":"Scallops - U - 10","price":73.82,"amount":77},
{"id":214,"item_name":"Island Oasis - Magarita Mix","price":79.5,"amount":33},
{"id":215,"item_name":"Oil - Olive, Extra Virgin","price":47.51,"amount":76},
{"id":216,"item_name":"Gelatine Powder","price":40.87,"amount":60},
{"id":217,"item_name":"Bag Stand","price":48.13,"amount":16},
{"id":218,"item_name":"Coffee - Beans, Whole","price":193.24,"amount":50},
{"id":219,"item_name":"Scampi Tail","price":130.78,"amount":67},
{"id":220,"item_name":"Vinegar - Cider","price":119.91,"amount":22},
{"id":221,"item_name":"English Muffin","price":10.57,"amount":7},
{"id":222,"item_name":"Lettuce - Romaine, Heart","price":31.38,"amount":25},
{"id":223,"item_name":"Kale - Red","price":30.09,"amount":96},
{"id":224,"item_name":"Cinnamon - Ground","price":14.42,"amount":80},
{"id":225,"item_name":"Bread - Multigrain Oval","price":179.42,"amount":21},
{"id":226,"item_name":"Wine - Red, Gallo, Merlot","price":167.46,"amount":37},
{"id":227,"item_name":"Vinegar - White","price":92.33,"amount":44},
{"id":228,"item_name":"Pasta - Cappellini, Dry","price":153.29,"amount":42},
{"id":229,"item_name":"Wine - White, Antinore Orvieto","price":163.06,"amount":7},
{"id":230,"item_name":"Roe - Lump Fish, Black","price":131.26,"amount":55},
{"id":231,"item_name":"Tea - Apple Green Tea","price":198.44,"amount":62},
{"id":232,"item_name":"Wiberg Super Cure","price":135.46,"amount":62},
{"id":233,"item_name":"Jam - Raspberry","price":49.23,"amount":27},
{"id":234,"item_name":"Wine - White, Pelee Island","price":86.03,"amount":23},
{"id":235,"item_name":"Garlic - Primerba, Paste","price":51.04,"amount":77},
{"id":236,"item_name":"Cookies - Assorted","price":121.59,"amount":99},
{"id":237,"item_name":"Spice - Montreal Steak Spice","price":40.66,"amount":98},
{"id":238,"item_name":"Shiratamako - Rice Flour","price":41.49,"amount":75},
{"id":239,"item_name":"Tamarind Paste","price":29.1,"amount":48},
{"id":240,"item_name":"Bar - Sweet And Salty Chocolate","price":153.84,"amount":16},
{"id":241,"item_name":"Wine - Saint Emilion Calvet","price":137.52,"amount":88},
{"id":242,"item_name":"Beer - Maudite","price":156.9,"amount":91},
{"id":243,"item_name":"Salmon - Sockeye Raw","price":120.0,"amount":12},
{"id":244,"item_name":"Shrimp - 100 / 200 Cold Water","price":60.35,"amount":28},
{"id":245,"item_name":"Red Currants","price":131.23,"amount":83},
{"id":246,"item_name":"Beef - Top Sirloin","price":42.91,"amount":41},
{"id":247,"item_name":"Irish Cream - Butterscotch","price":84.79,"amount":26},
{"id":248,"item_name":"Muffin Batt - Blueberry Passion","price":40.43,"amount":5},
{"id":249,"item_name":"Zucchini - Mini, Green","price":21.08,"amount":45},
{"id":250,"item_name":"Bacon Strip Precooked","price":33.32,"amount":75},
{"id":251,"item_name":"Bread Base - Gold Formel","price":164.33,"amount":81},
{"id":252,"item_name":"Butter - Salted, Micro","price":185.29,"amount":38},
{"id":253,"item_name":"Tart Shells - Barquettes, Savory","price":135.94,"amount":24},
{"id":254,"item_name":"Halibut - Fletches","price":112.15,"amount":89},
{"id":255,"item_name":"Wine - Red, Cooking","price":152.32,"amount":18},
{"id":256,"item_name":"Lobster - Cooked","price":43.3,"amount":32},
{"id":257,"item_name":"Duck - Breast","price":28.55,"amount":20},
{"id":258,"item_name":"Steampan - Lid For Half Size","price":136.59,"amount":18},
{"id":259,"item_name":"Wine - Niagara,vqa Reisling","price":15.87,"amount":26},
{"id":260,"item_name":"Coke - Diet, 355 Ml","price":128.23,"amount":98},
{"id":261,"item_name":"Melon - Honey Dew","price":127.43,"amount":58},
{"id":262,"item_name":"Snapple Lemon Tea","price":132.76,"amount":89},
{"id":263,"item_name":"Ice Cream - Life Savers","price":170.12,"amount":26},
{"id":264,"item_name":"Foil Wrap","price":38.9,"amount":25},
{"id":265,"item_name":"Stock - Veal, Brown","price":104.66,"amount":65},
{"id":266,"item_name":"Sugar - Icing","price":69.48,"amount":33},
{"id":267,"item_name":"Buffalo - Short Rib Fresh","price":72.22,"amount":95},
{"id":268,"item_name":"Waffle Stix","price":164.91,"amount":86},
{"id":269,"item_name":"Jam - Strawberry, 20 Ml Jar","price":83.83,"amount":17},
{"id":270,"item_name":"Table Cloth - 53x69 Colour","price":59.48,"amount":29},
{"id":271,"item_name":"Creme De Menth - White","price":1.27,"amount":61},
{"id":272,"item_name":"Wine - Blue Nun Qualitatswein","price":144.38,"amount":93},
{"id":273,"item_name":"Schnappes Peppermint - Walker","price":26.84,"amount":10},
{"id":274,"item_name":"Grenadillo","price":15.98,"amount":76},
{"id":275,"item_name":"Soy Protein","price":26.47,"amount":47},
{"id":276,"item_name":"Bacardi Breezer - Tropical","price":82.75,"amount":12},
{"id":277,"item_name":"Lobster - Canned Premium","price":141.31,"amount":21},
{"id":278,"item_name":"Beef - Ground Lean Fresh","price":83.77,"amount":67},
{"id":279,"item_name":"Crab - Imitation Flakes","price":157.79,"amount":8},
{"id":280,"item_name":"Milk - Chocolate 250 Ml","price":124.84,"amount":17},
{"id":281,"item_name":"Sugar Thermometer","price":19.55,"amount":37},
{"id":282,"item_name":"Pizza Pizza Dough","price":118.11,"amount":71},
{"id":283,"item_name":"Pepper - Black, Ground","price":93.14,"amount":49},
{"id":284,"item_name":"Oregano - Fresh","price":73.4,"amount":83},
{"id":285,"item_name":"Icecream - Dstk Strw Chseck","price":178.63,"amount":29},
{"id":286,"item_name":"Beans - Black Bean, Canned","price":51.79,"amount":45},
{"id":287,"item_name":"Beans - Long, Chinese","price":1.17,"amount":67},
{"id":288,"item_name":"Wine - Cotes Du Rhone","price":165.55,"amount":53},
{"id":289,"item_name":"Pike - Frozen Fillet","price":188.34,"amount":75},
{"id":290,"item_name":"Bay Leaf","price":189.33,"amount":55},
{"id":291,"item_name":"Shrimp - 16/20, Peeled Deviened","price":170.27,"amount":77},
{"id":292,"item_name":"Daikon Radish","price":177.28,"amount":98},
{"id":293,"item_name":"Wine - Fino Tio Pepe Gonzalez","price":42.81,"amount":86},
{"id":294,"item_name":"Higashimaru Usukuchi Soy","price":126.28,"amount":80},
{"id":295,"item_name":"Cheese - Victor Et Berthold","price":142.72,"amount":81},
{"id":296,"item_name":"Ginsing - Fresh","price":45.68,"amount":89},
{"id":297,"item_name":"Lid - 3oz Med Rec","price":90.25,"amount":37},
{"id":298,"item_name":"Chocolate - Chips Compound","price":172.73,"amount":97},
{"id":299,"item_name":"Glycerine","price":182.72,"amount":70},
{"id":300,"item_name":"Wine - Penfolds Koonuga Hill","price":82.57,"amount":86},
{"id":301,"item_name":"Cucumber - English","price":25.21,"amount":49},
{"id":302,"item_name":"Olives - Stuffed","price":160.4,"amount":10},
{"id":303,"item_name":"Pork Loin Cutlets","price":79.31,"amount":17},
{"id":304,"item_name":"Cheese - Manchego, Spanish","price":2.43,"amount":35},
{"id":305,"item_name":"Lettuce - Radicchio","price":19.88,"amount":66},
{"id":306,"item_name":"Cheese - Cottage Cheese","price":28.19,"amount":95},
{"id":307,"item_name":"Quail - Jumbo","price":181.1,"amount":18},
{"id":308,"item_name":"Tea - Darjeeling, Azzura","price":159.65,"amount":29},
{"id":309,"item_name":"Shrimp - 16/20, Peeled Deviened","price":38.97,"amount":68},
{"id":310,"item_name":"Wine - White, Pinot Grigio","price":16.99,"amount":94},
{"id":311,"item_name":"Milk - Skim","price":67.34,"amount":39},
{"id":312,"item_name":"Wine - Soave Folonari","price":29.7,"amount":83},
{"id":313,"item_name":"Drambuie","price":198.53,"amount":10},
{"id":314,"item_name":"Limes","price":40.31,"amount":70},
{"id":315,"item_name":"Tomato - Tricolor Cherry","price":166.89,"amount":87},
{"id":316,"item_name":"Pie Filling - Apple","price":95.01,"amount":21},
{"id":317,"item_name":"Sobe - Lizard Fuel","price":81.23,"amount":49},
{"id":318,"item_name":"Wine - Touraine Azay - Le - Rideau","price":66.89,"amount":95},
{"id":319,"item_name":"Bacardi Breezer - Strawberry","price":35.61,"amount":61},
{"id":320,"item_name":"Table Cloth 54x72 White","price":12.78,"amount":89},
{"id":321,"item_name":"Langers - Mango Nectar","price":59.69,"amount":74},
{"id":322,"item_name":"Pepper - White, Whole","price":55.27,"amount":59},
{"id":323,"item_name":"Chicken - Bones","price":72.99,"amount":68},
{"id":324,"item_name":"Soup - Verve - Chipotle Chicken","price":111.79,"amount":53},
{"id":325,"item_name":"Lobster - Tail 6 Oz","price":80.54,"amount":53},
{"id":326,"item_name":"Venison - Liver","price":59.54,"amount":63},
{"id":327,"item_name":"Wine - Champagne Brut Veuve","price":70.94,"amount":91},
{"id":328,"item_name":"Cookie Trail Mix","price":35.46,"amount":28},
{"id":329,"item_name":"Vinegar - Tarragon","price":33.69,"amount":55},
{"id":330,"item_name":"Vinegar - White Wine","price":178.32,"amount":51},
{"id":331,"item_name":"Turnip - White","price":78.64,"amount":25},
{"id":332,"item_name":"Lettuce - Curly Endive","price":21.13,"amount":1},
{"id":333,"item_name":"Pasta - Penne Primavera, Single","price":185.91,"amount":83},
{"id":334,"item_name":"Soup - Campbells - Tomato","price":94.73,"amount":27},
{"id":335,"item_name":"Pork - Caul Fat","price":192.5,"amount":81},
{"id":336,"item_name":"Cheese - Wine","price":31.88,"amount":51},
{"id":337,"item_name":"Shrimp - 16/20, Iqf, Shell On","price":181.67,"amount":5},
{"id":338,"item_name":"Buttons","price":136.88,"amount":30},
{"id":339,"item_name":"Tilapia - Fillets","price":139.76,"amount":24},
{"id":340,"item_name":"Cabbage - Savoy","price":76.96,"amount":31},
{"id":341,"item_name":"Wine - Placido Pinot Grigo","price":51.51,"amount":90},
{"id":342,"item_name":"Sour Cream","price":160.49,"amount":52},
{"id":343,"item_name":"Pork - Back, Long Cut, Boneless","price":75.9,"amount":62},
{"id":344,"item_name":"Soup - Campbells, Butternut","price":195.89,"amount":84},
{"id":345,"item_name":"Cup - Paper 10oz 92959","price":43.05,"amount":66},
{"id":346,"item_name":"Energy - Boo - Koo","price":109.93,"amount":62},
{"id":347,"item_name":"Pork Loin Cutlets","price":38.51,"amount":38},
{"id":348,"item_name":"Energy Drink","price":164.99,"amount":19},
{"id":349,"item_name":"Bread - Assorted Rolls","price":124.92,"amount":39},
{"id":350,"item_name":"Cake - Cake Sheet Macaroon","price":96.32,"amount":89},
{"id":351,"item_name":"Spoon - Soup, Plastic","price":93.55,"amount":74},
{"id":352,"item_name":"Wine - White, Ej","price":18.93,"amount":47},
{"id":353,"item_name":"Cheese - Cottage Cheese","price":128.3,"amount":82},
{"id":354,"item_name":"Milk 2% 500 Ml","price":158.15,"amount":66},
{"id":355,"item_name":"Ostrich - Prime Cut","price":28.43,"amount":91},
{"id":356,"item_name":"Petite Baguette","price":32.83,"amount":50},
{"id":357,"item_name":"Beef - Ox Tail, Frozen","price":181.85,"amount":36},
{"id":358,"item_name":"Wine - Muscadet Sur Lie","price":138.59,"amount":29},
{"id":359,"item_name":"Potatoes - Mini White 3 Oz","price":119.92,"amount":4},
{"id":360,"item_name":"Pasta - Rotini, Dry","price":97.58,"amount":9},
{"id":361,"item_name":"Beef - Texas Style Burger","price":2.31,"amount":31},
{"id":362,"item_name":"Nantuket Peach Orange","price":107.58,"amount":76},
{"id":363,"item_name":"Sausage - Chorizo","price":32.54,"amount":78},
{"id":364,"item_name":"Ecolab - Hobart Washarm End Cap","price":19.34,"amount":91},
{"id":365,"item_name":"Veal - Eye Of Round","price":55.99,"amount":45},
{"id":366,"item_name":"Snapple Lemon Tea","price":8.07,"amount":52},
{"id":367,"item_name":"Crab - Claws, 26 - 30","price":86.28,"amount":2},
{"id":368,"item_name":"Pie Shell - 9","price":191.44,"amount":96},
{"id":369,"item_name":"Sultanas","price":173.06,"amount":94},
{"id":370,"item_name":"Soup - Knorr, Chicken Noodle","price":167.87,"amount":33},
{"id":371,"item_name":"Juice - Mango","price":70.39,"amount":32},
{"id":372,"item_name":"Steam Pan Full Lid","price":156.92,"amount":39},
{"id":373,"item_name":"Wine - Ice Wine","price":61.71,"amount":91},
{"id":374,"item_name":"Steam Pan Full Lid","price":83.4,"amount":38},
{"id":375,"item_name":"Mussels - Cultivated","price":135.35,"amount":77},
{"id":376,"item_name":"Extract - Raspberry","price":138.48,"amount":54},
{"id":377,"item_name":"Wine - Semi Dry Riesling Vineland","price":59.0,"amount":25},
{"id":378,"item_name":"Beef - Striploin","price":92.76,"amount":100},
{"id":379,"item_name":"Onions - Cippolini","price":28.6,"amount":35},
{"id":380,"item_name":"Glass - Juice Clear 5oz 55005","price":132.72,"amount":46},
{"id":381,"item_name":"Hagen Daza - Dk Choocolate","price":92.75,"amount":41},
{"id":382,"item_name":"Wheat - Soft Kernal Of Wheat","price":22.78,"amount":51},
{"id":383,"item_name":"Teriyaki Sauce","price":43.58,"amount":67},
{"id":384,"item_name":"Beef Cheek Fresh","price":57.31,"amount":14},
{"id":385,"item_name":"Cookies - Englishbay Chochip","price":97.92,"amount":94},
{"id":386,"item_name":"Knife Plastic - White","price":26.78,"amount":15},
{"id":387,"item_name":"Roe - White Fish","price":89.05,"amount":59},
{"id":388,"item_name":"Wine - Taylors Reserve","price":196.5,"amount":69},
{"id":389,"item_name":"Compound - Passion Fruit","price":128.41,"amount":39},
{"id":390,"item_name":"Scallops - U - 10","price":79.49,"amount":87},
{"id":391,"item_name":"Veal - Tenderloin, Untrimmed","price":110.12,"amount":79},
{"id":392,"item_name":"Cup - Translucent 7 Oz Clear","price":156.78,"amount":28},
{"id":393,"item_name":"Napkin - Dinner, White","price":13.9,"amount":77},
{"id":394,"item_name":"Cheese - Grie Des Champ","price":71.48,"amount":31},
{"id":395,"item_name":"Stainless Steel Cleaner Vision","price":66.01,"amount":64},
{"id":396,"item_name":"Wine - Harrow Estates, Vidal","price":118.42,"amount":46},
{"id":397,"item_name":"Bread - Roll, Soft White Round","price":28.23,"amount":66},
{"id":398,"item_name":"English Muffin","price":90.71,"amount":99},
{"id":399,"item_name":"Jam - Marmalade, Orange","price":177.59,"amount":21},
{"id":400,"item_name":"Pork - Sausage Casing","price":93.56,"amount":81},
{"id":401,"item_name":"Coffee Beans - Chocolate","price":173.1,"amount":28},
{"id":402,"item_name":"Whmis - Spray Bottle Trigger","price":53.12,"amount":56},
{"id":403,"item_name":"Wine - White, Colubia Cresh","price":53.75,"amount":77},
{"id":404,"item_name":"Temperature Recording Station","price":68.63,"amount":89},
{"id":405,"item_name":"Table Cloth 72x144 White","price":9.89,"amount":98},
{"id":406,"item_name":"Compound - Raspberry","price":22.86,"amount":1},
{"id":407,"item_name":"Pork - Smoked Kassler","price":144.07,"amount":23},
{"id":408,"item_name":"Scampi Tail","price":141.12,"amount":63},
{"id":409,"item_name":"Ecolab - Power Fusion","price":51.85,"amount":20},
{"id":410,"item_name":"Oil - Olive Bertolli","price":140.09,"amount":46},
{"id":411,"item_name":"Mousse - Passion Fruit","price":119.07,"amount":49},
{"id":412,"item_name":"Container - Hngd Cll Blk 7x7x3","price":26.33,"amount":76},
{"id":413,"item_name":"Pears - Bosc","price":102.19,"amount":19},
{"id":414,"item_name":"Apple - Fuji","price":50.47,"amount":25},
{"id":415,"item_name":"Ham - Smoked, Bone - In","price":56.74,"amount":43},
{"id":416,"item_name":"Appetizer - Mushroom Tart","price":178.57,"amount":44},
{"id":417,"item_name":"Coffee - Ristretto Coffee Capsule","price":54.33,"amount":48},
{"id":418,"item_name":"Pork Ham Prager","price":58.46,"amount":79},
{"id":419,"item_name":"Wine - Dubouef Macon - Villages","price":44.24,"amount":62},
{"id":420,"item_name":"Apple - Custard","price":108.58,"amount":91},
{"id":421,"item_name":"Cheese - Mascarpone","price":61.54,"amount":43},
{"id":422,"item_name":"Alize Gold Passion","price":6.46,"amount":7},
{"id":423,"item_name":"Curry Powder Madras","price":32.77,"amount":57},
{"id":424,"item_name":"Blueberries","price":70.65,"amount":44},
{"id":425,"item_name":"Cognac - Courvaisier","price":123.11,"amount":97},
{"id":426,"item_name":"Eggplant - Asian","price":189.48,"amount":37},
{"id":427,"item_name":"Broom - Corn","price":129.18,"amount":76},
{"id":428,"item_name":"Wine - Jafflin Bourgongone","price":187.98,"amount":57},
{"id":429,"item_name":"Hog / Sausage Casing - Pork","price":4.94,"amount":33},
{"id":430,"item_name":"Tarragon - Primerba, Paste","price":64.54,"amount":58},
{"id":431,"item_name":"Vinegar - White","price":12.49,"amount":23},
{"id":432,"item_name":"Water - Perrier","price":143.46,"amount":2},
{"id":433,"item_name":"Soup - Beef Conomme, Dry","price":146.45,"amount":81},
{"id":434,"item_name":"Bread Roll Foccacia","price":17.22,"amount":96},
{"id":435,"item_name":"Apple - Northern Spy","price":92.02,"amount":73},
{"id":436,"item_name":"Oregano - Dry, Rubbed","price":192.32,"amount":74},
{"id":437,"item_name":"Swordfish Loin Portions","price":133.57,"amount":47},
{"id":438,"item_name":"Cinnamon Buns Sticky","price":71.52,"amount":55},
{"id":439,"item_name":"Creme De Menth - White","price":57.04,"amount":18},
{"id":440,"item_name":"Fish - Scallops, Cold Smoked","price":174.31,"amount":6},
{"id":441,"item_name":"Beef - Ox Tongue","price":99.17,"amount":6},
{"id":442,"item_name":"Crab - Soft Shell","price":17.29,"amount":42},
{"id":443,"item_name":"Ice Cream - Vanilla","price":170.16,"amount":96},
{"id":444,"item_name":"Wine - White, Riesling, Henry Of","price":57.09,"amount":92},
{"id":445,"item_name":"Sprouts - Corn","price":122.12,"amount":72},
{"id":446,"item_name":"Rice - Brown","price":140.1,"amount":33},
{"id":447,"item_name":"Pepper - Chili Powder","price":11.2,"amount":41},
{"id":448,"item_name":"Yeast Dry - Fermipan","price":17.29,"amount":1},
{"id":449,"item_name":"Limes","price":186.79,"amount":14},
{"id":450,"item_name":"Sauce - Fish 25 Ozf Bottle","price":94.86,"amount":71},
{"id":451,"item_name":"Veal - Striploin","price":153.48,"amount":35},
{"id":452,"item_name":"Napkin Colour","price":48.47,"amount":25},
{"id":453,"item_name":"Olive - Spread Tapenade","price":110.55,"amount":53},
{"id":454,"item_name":"Buffalo - Tenderloin","price":160.23,"amount":26},
{"id":455,"item_name":"Wine - White, Cooking","price":164.03,"amount":86},
{"id":456,"item_name":"Wine - Zinfandel Rosenblum","price":75.32,"amount":86},
{"id":457,"item_name":"Bread Crumbs - Panko","price":5.65,"amount":1},
{"id":458,"item_name":"Blackberries","price":132.46,"amount":54},
{"id":459,"item_name":"Roe - Flying Fish","price":197.97,"amount":10},
{"id":460,"item_name":"Ecolab - Hobart Washarm End Cap","price":45.56,"amount":56},
{"id":461,"item_name":"Onions Granulated","price":72.75,"amount":12},
{"id":462,"item_name":"True - Vue Containers","price":120.08,"amount":23},
{"id":463,"item_name":"Flower - Leather Leaf Fern","price":171.69,"amount":53},
{"id":464,"item_name":"Cheese - Boursin, Garlic / Herbs","price":36.13,"amount":74},
{"id":465,"item_name":"Island Oasis - Ice Cream Mix","price":85.88,"amount":78},
{"id":466,"item_name":"Capers - Pickled","price":25.28,"amount":56},
{"id":467,"item_name":"Bread Bowl Plain","price":137.79,"amount":89},
{"id":468,"item_name":"Syrup - Monin - Passion Fruit","price":185.26,"amount":75},
{"id":469,"item_name":"Stock - Beef, Brown","price":5.92,"amount":23},
{"id":470,"item_name":"Sobe - Cranberry Grapefruit","price":46.42,"amount":65},
{"id":471,"item_name":"Sprouts - Bean","price":42.34,"amount":94},
{"id":472,"item_name":"Pork - European Side Bacon","price":31.13,"amount":59},
{"id":473,"item_name":"Mop Head - Cotton, 24 Oz","price":191.96,"amount":90},
{"id":474,"item_name":"Chocolate - Mi - Amere Semi","price":19.93,"amount":49},
{"id":475,"item_name":"Turkey Tenderloin Frozen","price":10.13,"amount":77},
{"id":476,"item_name":"Rappini - Andy Boy","price":56.99,"amount":21},
{"id":477,"item_name":"Apron","price":191.06,"amount":16},
{"id":478,"item_name":"Water, Tap","price":139.81,"amount":37},
{"id":479,"item_name":"Cocktail Napkin Blue","price":51.77,"amount":42},
{"id":480,"item_name":"Cheese - Havarti, Roasted Garlic","price":147.23,"amount":46},
{"id":481,"item_name":"Wine - German Riesling","price":159.36,"amount":21},
{"id":482,"item_name":"Lamb Tenderloin Nz Fr","price":54.77,"amount":2},
{"id":483,"item_name":"Cookies - Englishbay Oatmeal","price":189.33,"amount":68},
{"id":484,"item_name":"Yokaline","price":37.62,"amount":21},
{"id":485,"item_name":"Lettuce Romaine Chopped","price":178.2,"amount":56},
{"id":486,"item_name":"Appetizer - Southwestern","price":92.41,"amount":89},
{"id":487,"item_name":"Muffin Mix - Oatmeal","price":106.11,"amount":17},
{"id":488,"item_name":"The Pop Shoppe - Lime Rickey","price":161.99,"amount":52},
{"id":489,"item_name":"Vodka - Hot, Lnferno","price":167.31,"amount":76},
{"id":490,"item_name":"Carbonated Water - Blackcherry","price":165.2,"amount":13},
{"id":491,"item_name":"Soup - Campbells Bean Medley","price":107.95,"amount":60},
{"id":492,"item_name":"Lettuce - Boston Bib","price":21.72,"amount":24},
{"id":493,"item_name":"Cheese - Montery Jack","price":80.83,"amount":31},
{"id":494,"item_name":"Table Cloth 81x81 Colour","price":179.34,"amount":44},
{"id":495,"item_name":"Irish Cream - Butterscotch","price":20.95,"amount":91},
{"id":496,"item_name":"Quail - Jumbo","price":37.75,"amount":48},
{"id":497,"item_name":"Pasta - Penne, Lisce, Dry","price":92.48,"amount":4},
{"id":498,"item_name":"Pea - Snow","price":94.13,"amount":30},
{"id":499,"item_name":"Cake - Mini Cheesecake","price":23.53,"amount":27},
{"id":500,"item_name":"Beef Tenderloin Aaa","price":166.72,"amount":57}]